Start,Ende
801.0632148458432,801.0632148458432
